{
  "q_lbin2": 0.3994682686052704,
  "CL": 0.25452,
  "CD": 0.0086,
  "Cm": -0.10394,
  "L_lb": 703.6300601076667,
  "D_lb": 23.775021675805174,
  "M_lbin": -16030.457889749092,
  "L_per_lb": 1.6325986321646213,
  "D_per_lb": 0.05516402733229507,
  "CL_de": 0.025452000000000002,
  "Cm_de": -0.010394,
  "H_lbin": 411.0667416014232,
  "V_mph": 150.0
}