alpha,CL,CD,CM
-5.0,-0.5571,0.00848,-0.0019
-4.0,-0.4276,0.00728,-0.0061
-3.0,-0.3201,0.0064,-0.0048
-2.0,-0.2144,0.00581,-0.003
-1.0,-0.1075,0.00549,-0.0014
0.0,0.0,0.0054,-0.0
1.0,0.1075,0.00549,0.0014
2.0,0.2144,0.00581,0.003
3.0,0.3201,0.0064,0.0048
4.0,0.4277,0.00728,0.0061
5.0,0.5571,0.00848,0.0019
6.0,0.694,0.00973,-0.0041
7.0,0.8268,0.01094,-0.0093
8.0,0.9101,0.01211,-0.004
9.0,0.9949,0.01341,0.001
10.0,1.0809,0.01498,0.0053
