alpha,CL,CD,CM
-5.0,-0.5585,0.00642,-0.0005
-4.0,-0.4481,0.006,-0.0001
-3.0,-0.3371,0.00561,0.0002
-2.0,-0.2252,0.00532,0.0002
-1.0,-0.1129,0.00514,0.0001
0.0,0.0,0.00508,-0.0
1.0,0.1129,0.00513,-0.0001
2.0,0.2252,0.00532,-0.0002
3.0,0.3371,0.00561,-0.0002
4.0,0.4481,0.006,0.0001
5.0,0.5585,0.00642,0.0005
6.0,0.6674,0.00695,0.0012
7.0,0.774,0.00755,0.0025
8.0,0.8839,0.00828,0.0028
9.0,1.0054,0.00914,0.0003
10.0,1.1279,0.01012,-0.0026
