avl_mass,avl_CGx,avl_CGy,avl_CGz,avl_Ixx,avl_Iyy,avl_Izz,avl_Ixy,avl_Iyz,avl_Izx
523.71311,43.962556755789024,0.0,2.9707993345242163,3491385.286385458,8849622.2905852087,12237742.237784529,1688.6883768915986,-1115.4300948704617,-25400.575586787654