avl_mass,avl_CGx,avl_CGy,avl_CGz,avl_Ixx,avl_Iyy,avl_Izz,avl_Ixy,avl_Iyz,avl_Izx
430.98778,41.648083440418432,0,3.376330145797958,272074.59937051311,148895.15605403209,420790.1415200737,-1115.6593927684335,109.69802009630747,-2232.9995077874964