avl_mass,avl_CGx,avl_CGy,avl_CGz,avl_Ixx,avl_Iyy,avl_Izz,avl_Ixy,avl_Iyz,avl_Izx
11237.199,158.07025088619807,0,1.0653347369548367,12811229.23656486,34725219.463907637,46533351.759856284,119627.13350463221,369.52850821525686,-342700.18438124354